-- phpMyAdmin SQL Dump
-- version 4.5.2
-- http://www.phpmyadmin.net
--
-- Host: localhost
-- Generation Time: Nov 17, 2016 at 08:16 PM
-- Server version: 10.1.16-MariaDB
-- PHP Version: 5.6.24

SET SQL_MODE = "NO_AUTO_VALUE_ON_ZERO";
SET time_zone = "+00:00";


/*!40101 SET @OLD_CHARACTER_SET_CLIENT=@@CHARACTER_SET_CLIENT */;
/*!40101 SET @OLD_CHARACTER_SET_RESULTS=@@CHARACTER_SET_RESULTS */;
/*!40101 SET @OLD_COLLATION_CONNECTION=@@COLLATION_CONNECTION */;
/*!40101 SET NAMES utf8mb4 */;

--
-- Database: `LetItRideSystem`
--

-- --------------------------------------------------------

--
-- Table structure for table `cit`
--

CREATE TABLE `cit` (
  `UserID` int(64) UNSIGNED ZEROFILL NOT NULL,
  `CCnumber` char(16) NOT NULL
) ENGINE=InnoDB DEFAULT CHARSET=latin1;

--
-- Dumping data for table `cit`
--

INSERT INTO `cit` (`UserID`, `CCnumber`) VALUES
(0000000000000000000000000000000000000000000000000000000000000001, '122321321321'),
(0000000000000000000000000000000000000000000000000000000000000001, '123412332432432'),
(0000000000000000000000000000000000000000000000000000000000000001, '123456789'),
(0000000000000000000000000000000000000000000000000000000000000001, '234234234321413'),
(0000000000000000000000000000000000000000000000000000000000000001, '23423432'),
(0000000000000000000000000000000000000000000000000000000000000001, '42283141234'),
(0000000000000000000000000000000000000000000000000000000000000001, 'Test1'),
(0000000000000000000000000000000000000000000000000000000000000003, '111111'),
(0000000000000000000000000000000000000000000000000000000000000004, '222222'),
(0000000000000000000000000000000000000000000000000000000000000005, '333333'),
(0000000000000000000000000000000000000000000000000000000000000006, '444444'),
(0000000000000000000000000000000000000000000000000000000000000007, '555555'),
(0000000000000000000000000000000000000000000000000000000000000008, '666666'),
(0000000000000000000000000000000000000000000000000000000000000009, '777777'),
(0000000000000000000000000000000000000000000000000000000000000010, '888888'),
(0000000000000000000000000000000000000000000000000000000000000011, '999999'),
(0000000000000000000000000000000000000000000000000000000000000012, '000000');

-- --------------------------------------------------------

--
-- Table structure for table `dit`
--

CREATE TABLE `dit` (
  `UserID` int(64) UNSIGNED ZEROFILL NOT NULL,
  `Driverlicense` char(8) NOT NULL,
  `Licenseplate` char(7) NOT NULL,
  `Carmodel` varchar(20) NOT NULL,
  `Routingnumber` char(9) NOT NULL,
  `Bankaccountnumber` varchar(17) NOT NULL
) ENGINE=InnoDB DEFAULT CHARSET=latin1;

--
-- Dumping data for table `dit`
--

INSERT INTO `dit` (`UserID`, `Driverlicense`, `Licenseplate`, `Carmodel`, `Routingnumber`, `Bankaccountnumber`) VALUES
(0000000000000000000000000000000000000000000000000000000000000002, 'Test2', 'Smash', 'F1', '123456789', '135792680'),
(0000000000000000000000000000000000000000000000000000000000000003, 'A1234567', 'B123456', 'F1', '123456789', '0'),
(0000000000000000000000000000000000000000000000000000000000000004, 'C1234567', 'D123456', 'Trumpmobile', '123456789', '1'),
(0000000000000000000000000000000000000000000000000000000000000005, 'E1234567', 'F123456', 'Duck Rocket', '123456789', '2'),
(0000000000000000000000000000000000000000000000000000000000000006, 'G1234567', 'H123456', 'Super Monkey Ball', '123456789', '3'),
(0000000000000000000000000000000000000000000000000000000000000007, 'I1234567', 'J123456', 'Run Banana Run', '123456789', '4'),
(0000000000000000000000000000000000000000000000000000000000000008, 'K1234567', 'L123456', 'Invisible Plane', '123456789', '5'),
(0000000000000000000000000000000000000000000000000000000000000009, 'M1234567', 'N123456', 'Monkey Ball 2', '123456789', '6'),
(0000000000000000000000000000000000000000000000000000000000000010, 'O1234567', 'P123456', 'Monkey Ball 3', '123456789', '7'),
(0000000000000000000000000000000000000000000000000000000000000011, 'Q1234567', 'R123456', 'Monkey Ball 4', '123456789', '8'),
(0000000000000000000000000000000000000000000000000000000000000012, 'S1234567', 'T123456', 'Monkey Ball 5', '123456789', '9');

-- --------------------------------------------------------

--
-- Table structure for table `rdydriv`
--

CREATE TABLE `rdydriv` (
  `DrivID` int(64) UNSIGNED ZEROFILL NOT NULL,
  `DrivLocat` varchar(50) NOT NULL,
  `lat` double DEFAULT NULL,
  `lng` double DEFAULT NULL
) ENGINE=InnoDB DEFAULT CHARSET=latin1;

--
-- Dumping data for table `rdydriv`
--

INSERT INTO `rdydriv` (`DrivID`, `DrivLocat`, `lat`, `lng`) VALUES
(0000000000000000000000000000000000000000000000000000000000000002, '800 N 8th St, San Jose, CA 95112, USA', NULL, NULL),
(0000000000000000000000000000000000000000000000000000000000000005, '1211 Wildwood Ave, Sunnyvale, CA 94089, USA', NULL, NULL);

-- --------------------------------------------------------

--
-- Table structure for table `rut`
--

CREATE TABLE `rut` (
  `UserID` int(64) UNSIGNED ZEROFILL NOT NULL,
  `Email` varchar(40) NOT NULL,
  `Password` varchar(30) NOT NULL,
  `Name` varchar(255) NOT NULL,
  `Phonenumber` varchar(10) NOT NULL,
  `Image` blob
) ENGINE=InnoDB DEFAULT CHARSET=latin1;

--
-- Dumping data for table `rut`
--

INSERT INTO `rut` (`UserID`, `Email`, `Password`, `Name`, `Phonenumber`, `Image`) VALUES
(0000000000000000000000000000000000000000000000000000000000000001, 'gearykong@gmail.com', '123321', 'eerewrew', '123456789', 0xffd8ffe000104a46494600010100000100010000ffe1002a45786966000049492a0008000000010031010200070000001a00000000000000476f6f676c650000ffdb00840003020208080808080a08080a09080807080a080d08080a0808080808080b0808080a080808080b0808080808080a080808080d090a08080b100a080d08090908010304040605060a06060a100d0a0d0d0d0e0d0f0f100e0d0d0f0d0d0d0d0d0d0d0d0d0d0e0d0d0d0d0d0d0d0d0e0d0d0f0f0e0d0d0d0d0d0d0d0d0d0d0d0d0f0dffc00011080058005803011100021101031101ffc4001e00000104030101010000000000000000000005060708010409030a02ffc4003d10000201020403060305050803000000000102030411000512130621310708144151611522811623327191526272b1c1343542435382a1c2091819ffc4001a010100030101010000000000000000000000010205030406ffc4002e1100020102040404050500000000000000000102031104122131415171b1138191a1143261d1f0224252c1e1ffda000c03010002110311003f00f5c790f40600300431da0779882966929a9e06a89a2628ec5f6604914d993515791dd4f50b185f21213702ea256e22e59debb406f1540e8da0b446293716471d2371224663b9b7de5dc0ea42f2d4ca2e461c49db0d6d7333cd572411dce8a581e48900f2d6f195964f72ee0122e123e4316b588ea2170b76979ad24a1a9ea5dd6ff34134d2cb1483d0acaeda7f8a3646fdef2c4e8f7235e0597e0def1d43505229b5524eda54ac9a4c05c817549d098ed7e4bbdb2c797cb722fcf2f22d7256c54b06003001800c0102f6c7dbb5652d549410c31c0c151855c9790ba480e978220bb7c9832ea959c0647063e5737496e56e57ce2180ee33bcad24b212f23b1bc8ee7ab39f2e56007a580015462c0d154692c0972058720c748ff6f3fd30028cdc0919e816fe6c5149fd2d7fa96c2e2c684bd9db0e69315f60a157ea1473fadf13988ca23e6797ca834b35ed7bb2e8607d75a017d3ec0df99e582b10ee5cbeed9c5095196a44b3348d4a44451ec65890ade252eb612c6406da9824774023281a172692dcb4495b142c1800c00600a5bde2f8be5accc64d16daa167a48c695fbc704788666b6ae72a18d56f6510ea02eedabb2b239b23e57fe9717e7cff005fd702473e4997a583a9248f3b907dd5c5c8fd2d7ebee6acb216b10486004cce68227075dc5f96b01811f995fea47b1189219bbddfb884e5d9b41197bc1564d2336ab80d210d013e4489805526da44b2faf3b3d514d997631c4e81800c0195c01cf1afe212d4c5ed779647948ea4bccc5cfbf3796dee14fae3b7129c0e8e647ff8ddcbea320a585d9a9f36d027f1e175132c8a0b43531ea024818d8e8d4af01b047015964c258e929b7bc797d8fa096060e0a2b492e3cdf1b94b3b57eef79df0fc8de328e44881b0ae8b54d4120bf23bcaa025fca3aa481ff70f5c6b53ad0a9f2bf2e26354a33a5f32f3e031a0e35e573a08fda0d607ebcc5ff2c76b1c6e7ee6e33b0bd907b97e5ff5fe78585c79767fd88e7b9dd3d4d5d2d0cb252d2c52ca6762b14136d025a2a42794f3fcad644b85234b3c65943729d58536949eaff353b4294ea26e2b420a82b2667df4661b6db8bcff000b445592c3a5c726f7b1f3ebe9d11e5d59d37a2ac1222483a4888e3f275047f3c79cec7b6200600ca8e7890505ece69235afcb639919e34cc72e8e68c2966744ad856545500b33300ca100258900024e2f3d9db93ec29fcd1bf35dcef415e671f227d81865ea3d7911ea3d0fb6008ef883bba70fd5b9927c932a9646fc52350536e37f1388c39fa938eeabd45b49fa9c25429cb78af434329eeafc3904ab34392d0452a1bac89084653ec508e447223a11cb9e25e22ab567265561a92775144a24841d0d94740a49d2a3a2aa824f2160aa0dfa018f3ee7a3647cfe66b2c67c44891eda3bd448b1580db466729158720634223b0e9a6d8fb03e359d07e1ca6294f4e87aa41029fcd63507fe463932e286200600c8c014cb2acc9f2be24f1094c952d419a55d6ac0ce522290a4f569248e1242ab4d1e9a82c11b4986e2c406179c7345adaeadeba0a72cb24ed7b3bfa6a5eae31eebbc5fc472b5557f117c2220c569f2da34a992348872592a2d5747f7f2d8c8771e7640c17eeac624c98d6a3495a31bfd59af2a35aabbca56e497e2197ddd7b3fcce973c7a5a3e34a9ae96962aa69286ae96a9f2f9d61a8929a68dd466d3490cf1c8ab344ed146db6d0caa268ddd1ed5aa425059a16bf156bf62b46138cde59dedc1eddc7a7ff0043aa37bc0fd9e9fc5fc57e09e27c53fc17c7f8ad8fed9e0b7747f9db7e1773472b7f8f1cfe096f9b4b5feb6e973afc73db2eb7b7d2fd6c32bbc3f67d99d567894b59c6b53432d5474a63a1a4a5aa4cbe059a78e9a08a356cda19269a4919a695d6291846b2cadb31a2a275a338461fa617b7176bf63955a7394ff54ed7e0b6d3cc7b706f75ee2fe1b952a68388466f11655a8cbab23a98e36889b34b4e0d5d59df8afb836e4819c2e9fbee513d255a8d5d251b7d516852ad45de32bf34ca2fc434e336e226bd3c74eb9955d3563d3ab978963aaa486b6a76d991098ea15a5913e402d328e9cf1ad0596295ef6feb4322a3cd26ed6bff007a97289c5018c0060030030b25ee9759559c459a09a9da8730aaada09909759e1f1393cf4ed75d251e374720b2c81816b6d91761e4ab8a8c6f1e2addd33df4707395a6b677bfba2f165bdbbc31a451d7536634955b71ef29cb3309e9966d23744759474d5144e9ac3696138257492aa4e9198e95f58b4d755d9ea69aa96f9934fa3b7aad0429bb41c8281eaf32a6a2964ab9924691e9f29af696a1bf1e89255a4d985669154c935449047aacf238d3a84f8727a49a4baa19e3fb536fe899a43b31aafb25e0b6a2f89783f1ba349dbf8d6ef8ddcb5b57f797cf7b6afaf2c57c65e2e7e17f6dbb17f05f85938dbcb36fdcdd83b41c82bde9332a9a2963ab852368dea329af5969dbf1e88e56a4d9984323318e68249a3d7778dcead46d924b48b4d754533c7f7269f462ee67dbc43224b1d0d2e635755b726ca8cb3308299a6d27684959594d4f4289acaea6339217510ac46930a95be6692eabb2d47897d229b7d1f77a149b893ba9d5d3673266c25a65a1cbe7a0cb614d5234f3784c8e9e90d9420448c08cd99a42c48b6d81cce951c5465687177f76d99d5f0728de7c125d921e98f619c1800c006007df0071fb4229e94a298c6634d5224d5668f9aa4a08b10cad1dedcd4a9bfe20401938aa0eeea2dbf11b982c42b2a4d6badbb96d31966a097c55949a8a69e00c14cd1491862090a5948048041201eb63d3025089f68b32fc3f0e8f73fd4f1b1f86bfed7e0f11a7cf4ecdedcafe781365cc5ae15ca5a9e9a080b06314488580203151cc804936bf4b9e9810c55bdf020a95c79da034cb3d2aa288ce63555264d57692eeeb1002c02aac645f9b16201f94020ea61683baa8ccbc6e2559d24b5d2fecc62e358c30c006003006186295239a2e3cce94a7926a5c9974b81b89055d2415008bc91aebf6957e5957e9206b7a8b1f3c7ccb56763eb3a1a5c4f9b57c1aa48e3a09211624cb553d2b44be6599292b636b75bb08140ea45af86811a1f6faa346bf0b4b6b5f5fc529f67f3d7b7aadefb7f4c4d9731a9bfc339b57cfa64922a08e13720c5553d5348be4559e928635bf5ba89c11d09bdf11a03738ef89451d24f504d8a46747bcadf2c4bf5722fe82e7cb04aeec86dabd8a5ca31f4d08e58a8f247c9d49e79b973667173986003001800c0129f60fda10a59cd348d682a585893f2c53f20ac7d16516463e44467900c71918ca3679d799bb81ad99786f75b74e5e5d8b378cc34c4afb2749af73c2d36bbdf73622d77f5d5a355fdef8137157020abfdba76882ae71044d782998f307e5967e8ce3d5505e343e779181218634f0746ef3bf2fb9978eaf95786b77bf4e5e64638d730c3001800c0060030004621a4d59929b4eeb7257e04ef013d322c33a19e35002beab4e8a3a02482b201d06ad247ed9e406455c1b4ef0d57b9b94b1d16ad5347cf87f83f3ff0066286d7d9acbfa6dc1fcfc47f4c79be1aaff0013d7f134bf92f7fb11ff001f76f93d523430a6c44c0866d5aa6914f55d4005453d084d44f4d76241f552c13bde7b723c7571d14ad4f57cf87fa4580635924959188db6eef70c4901800c01ffd9),
(0000000000000000000000000000000000000000000000000000000000000002, 'death2@gmail.com', 'password', 'Bogeyman2', '123456780', NULL),
(0000000000000000000000000000000000000000000000000000000000000003, 'bc@gmail.com', 'bilary_clinton', 'Bilary Clinton', '1234567890', NULL),
(0000000000000000000000000000000000000000000000000000000000000004, 'rd@gmail.com', 'donald_dump', 'Duonald Dump', '012345678', NULL),
(0000000000000000000000000000000000000000000000000000000000000005, 'dd@gmail.com', 'donald_duck', 'Donald Duck', '000000', NULL),
(0000000000000000000000000000000000000000000000000000000000000006, 'tm@gmail.com', 'test_monkey', 'Test Monkey', '111111111', NULL),
(0000000000000000000000000000000000000000000000000000000000000007, 'rb@gmail.com', 'runaway_banana', 'Runaway Banana', '999999', NULL),
(0000000000000000000000000000000000000000000000000000000000000008, 'ec@gmail.com', 'escape_convict', 'Escape Convict', '111111', NULL),
(0000000000000000000000000000000000000000000000000000000000000009, 'tm2@gmail.com', 'test_monkey2', 'Test Monkey2', '222222222', NULL),
(0000000000000000000000000000000000000000000000000000000000000010, 'tm3@gmail.com', 'test_monkey3', 'Test Monkey3', '333333333', NULL),
(0000000000000000000000000000000000000000000000000000000000000011, 'tm4@gmail.com', 'test_monkey4', 'Test Monkey4', '444444444', NULL),
(0000000000000000000000000000000000000000000000000000000000000012, 'tm5@gmail.com', 'test_monkey5', 'Test Monkey5', '555555555', NULL);

-- --------------------------------------------------------

--
-- Table structure for table `testInsert`
--

CREATE TABLE `testInsert` (
  `OrigLoc` varchar(40) DEFAULT NULL,
  `Desti` varchar(40) DEFAULT NULL
) ENGINE=InnoDB DEFAULT CHARSET=latin1;

-- --------------------------------------------------------

--
-- Table structure for table `trans`
--

CREATE TABLE `trans` (
  `TransID` int(64) UNSIGNED ZEROFILL NOT NULL,
  `CustID` int(64) UNSIGNED ZEROFILL NOT NULL,
  `DrivID` int(64) UNSIGNED ZEROFILL NOT NULL,
  `TransDate` datetime NOT NULL DEFAULT CURRENT_TIMESTAMP,
  `State` char(1) NOT NULL DEFAULT 'I',
  `custAddr` varchar(70) DEFAULT NULL,
  `destin` varchar(70) DEFAULT NULL,
  `custLat` double DEFAULT NULL,
  `custLng` double DEFAULT NULL,
  `fare` double DEFAULT '5',
  `destiLat` double DEFAULT NULL,
  `destiLng` double DEFAULT NULL,
  `drivCurAddr` varchar(100) DEFAULT NULL,
  `drivLat` double DEFAULT NULL,
  `drivLng` double DEFAULT NULL,
  `drivConfirm` char(2) DEFAULT 'no',
  `custConfirm` char(2) DEFAULT 'no'
) ENGINE=InnoDB DEFAULT CHARSET=latin1;

--
-- Dumping data for table `trans`
--

INSERT INTO `trans` (`TransID`, `CustID`, `DrivID`, `TransDate`, `State`, `custAddr`, `destin`, `custLat`, `custLng`, `fare`, `destiLat`, `destiLng`, `drivCurAddr`, `drivLat`, `drivLng`, `drivConfirm`, `custConfirm`) VALUES
(0000000000000000000000000000000000000000000000000000000000000001, 0000000000000000000000000000000000000000000000000000000000000001, 0000000000000000000000000000000000000000000000000000000000000002, '2016-11-10 10:56:23', 'a', 'S 7th St, San Jose, CA 95112, USA', '1205 E St John St, San Jose, CA 95116, USA', 37.336182099999995, -121.8821299, 5, 37.34883781287721, -121.86790466308594, '800 N 8th St, San Jose, CA 95112, USA', 0, 0, 'no', 'no');

--
-- Indexes for dumped tables
--

--
-- Indexes for table `cit`
--
ALTER TABLE `cit`
  ADD UNIQUE KEY `CCnumber` (`CCnumber`),
  ADD KEY `UserID` (`UserID`);

--
-- Indexes for table `dit`
--
ALTER TABLE `dit`
  ADD PRIMARY KEY (`UserID`),
  ADD UNIQUE KEY `Driverlicense` (`Driverlicense`),
  ADD UNIQUE KEY `Licenseplate` (`Licenseplate`),
  ADD UNIQUE KEY `Bankaccountnumber` (`Bankaccountnumber`);

--
-- Indexes for table `rdydriv`
--
ALTER TABLE `rdydriv`
  ADD PRIMARY KEY (`DrivID`);

--
-- Indexes for table `rut`
--
ALTER TABLE `rut`
  ADD PRIMARY KEY (`UserID`),
  ADD UNIQUE KEY `Email` (`Email`);

--
-- Indexes for table `trans`
--
ALTER TABLE `trans`
  ADD PRIMARY KEY (`TransID`),
  ADD KEY `CustID` (`CustID`),
  ADD KEY `DrivID` (`DrivID`);

--
-- AUTO_INCREMENT for dumped tables
--

--
-- AUTO_INCREMENT for table `rut`
--
ALTER TABLE `rut`
  MODIFY `UserID` int(64) UNSIGNED ZEROFILL NOT NULL AUTO_INCREMENT, AUTO_INCREMENT=13;
--
-- AUTO_INCREMENT for table `trans`
--
ALTER TABLE `trans`
  MODIFY `TransID` int(64) UNSIGNED ZEROFILL NOT NULL AUTO_INCREMENT, AUTO_INCREMENT=2;
--
-- Constraints for dumped tables
--

--
-- Constraints for table `cit`
--
ALTER TABLE `cit`
  ADD CONSTRAINT `cit_ibfk_1` FOREIGN KEY (`UserID`) REFERENCES `rut` (`UserID`) ON DELETE CASCADE ON UPDATE CASCADE;

--
-- Constraints for table `dit`
--
ALTER TABLE `dit`
  ADD CONSTRAINT `dit_ibfk_1` FOREIGN KEY (`UserID`) REFERENCES `rut` (`UserID`) ON DELETE CASCADE ON UPDATE CASCADE;

--
-- Constraints for table `rdydriv`
--
ALTER TABLE `rdydriv`
  ADD CONSTRAINT `rdydriv_ibfk_1` FOREIGN KEY (`DrivID`) REFERENCES `rut` (`UserID`) ON DELETE CASCADE ON UPDATE CASCADE;

--
-- Constraints for table `trans`
--
ALTER TABLE `trans`
  ADD CONSTRAINT `trans_ibfk_1` FOREIGN KEY (`CustID`) REFERENCES `rut` (`UserID`) ON DELETE CASCADE ON UPDATE CASCADE,
  ADD CONSTRAINT `trans_ibfk_2` FOREIGN KEY (`DrivID`) REFERENCES `rut` (`UserID`) ON DELETE CASCADE ON UPDATE CASCADE;

/*!40101 SET CHARACTER_SET_CLIENT=@OLD_CHARACTER_SET_CLIENT */;
/*!40101 SET CHARACTER_SET_RESULTS=@OLD_CHARACTER_SET_RESULTS */;
/*!40101 SET COLLATION_CONNECTION=@OLD_COLLATION_CONNECTION */;
